https://img.fcbayern.com/image/fetch/f_auto,h_768,q_auto:good,w_1366/https://fcbayern.com/binaries/content/gallery/fc-bayern/homepage/saison-18-19/profis/team_2018_19.jpg/team_2018_19.jpg/fcbhippo%3Axtralargesixteentonine?v=1537951904171
https://img.fcbayern.com/image/fetch/f_auto,h_768,q_auto:good,w_1366/https://fcbayern.com/binaries/content/gallery/fc-bayern/homepage/saison-18-19/frauen/fcb-frauen-gruppenbild_get_300718.jpg/fcb-frauen-gruppenbild_get_300718.jpg/fcbhippo%3Axtralargesixteentonine?v=1533192697307
https://sillyseason.com/wp-content/uploads/2017/01/Bayern-Munich-wages-2018.jpg
https://imagesvc.timeincapp.com/v3/fan/image?url=https%3A%2F%2Fbayernstrikes.com%2Fwp-content%2Fuploads%2Fgetty-images%2F2017%2F03%2F646847058-bayern-munich-vs-fc-schalke-04-dfb-cup.jpg.jpg&c=sc&w=850&h=560
https://thesefootballtimes.co/wp-content/uploads/2015/03/xabi-alonso-philipp-lahm-medhi-benatia-thomas-muller-fc-bayern-munchen-borussia-dortmund-bundesliga-01112014_h9sazefc5hnz109352owhhhru.jpg
https://static.independent.co.uk/s3fs-public/thumbnails/image/2018/01/22/20/bayern-munich.jpg?w968h681
https://images2.minutemediacdn.com/image/upload/c_fill,w_912,h_516,f_auto,q_auto,g_auto/shape/cover/sport/fbl-ger-supercup-eintracht-frankfurt-bayern-munich-5b7ed65ef3e9162aaa00001f.jpg
https://fcbayern.com/binaries/content/gallery/fc-bayern/media/images/us-version/2018-junior-showcase/web.jpg
https://lh3.googleusercontent.com/xfRYTRR4ldjK9jepd8XhTz_fNsIDFPDeiptkXg9MmNpdnd_prLPqeR3-WO63XAAFazgQxEU4G4iOpCaSgqfN9OM=s750
https://i.dailymail.co.uk/i/pix/2017/10/11/16/453BF86700000578-0-image-a-4_1507736688467.jpg
https://statics.sportskeeda.com/editor/2018/11/cc70a-15428299199768-800.jpg
https://imagesvc.timeincapp.com/v3/fan/image?url=https%3A%2F%2Fbayernstrikes.com%2Fwp-content%2Fuploads%2Fgetty-images%2F2017%2F07%2F667772680.jpeg&c=sc&w=850&h=560
https://cdn.vox-cdn.com/thumbor/6R-8i0aiOxKdtYXT0gF7-FoL0So=/0x0:4113x2742/1200x800/filters:focal(1887x378:2545x1036)/cdn.vox-cdn.com/uploads/chorus_image/image/63084086/GettyImages-1125925445.0.0.jpg
https://e2.365dm.com/16/04/768x432/arturo-vidal-bayern_3443497.jpg?20160405220022
https://img.fcbayern.com/image/fetch/f_auto,h_768,q_auto:good,w_1366/https://fcbayern.com/binaries/content/gallery/fc-bayern/homepage/saison-18-19/sonstiges/181217_cl_auslosung_fcb.jpg/181217_cl_auslosung_fcb.jpg/fcbhippo%3Axtralargesixteentonine?v=1545051330196
https://images2.minutemediacdn.com/image/upload/c_fill,w_912,h_516,f_auto,q_auto,g_auto/shape/cover/sport/fbl-eur-c1-besiktas-bayern-munich-5b0fbe39f7b09d8b3a000001.jpg
https://cdn.vox-cdn.com/thumbor/nyUOA2VwwMfywUj4BuO__f66wbY=/484x0:4530x2878/1200x800/filters:focal(2303x324:3121x1142)/cdn.vox-cdn.com/uploads/chorus_image/image/62799118/GettyImages-1071111630.0.0.jpg
http://www.chinadaily.com.cn/sports/images/attachement/jpg/site1/20170817/f8bc126e4b4e1aff3b1207.jpg
https://timedotcom.files.wordpress.com/2014/05/487368883.jpg
https://secure.i.telegraph.co.uk/multimedia/archive/02891/Bayern_Munich_2891073b.jpg
https://i2-prod.mirror.co.uk/incoming/article13441072.ece/ALTERNATES/s1200/0_FILE-PHOTO-Champions-League-Group-Stage-Group-E-Bayern-Munich-v-Ajax-Amsterdam.jpg
https://images2.minutemediacdn.com/image/upload/c_fill,w_912,h_516,f_auto,q_auto,g_auto/shape/cover/sport/fbl-eur-c1-ajax-bayern-munich-team-5c1a7c5e12edfc37fe000001.jpg
https://i.ytimg.com/vi/Qa4p4HnDF2A/maxresdefault.jpg
https://cdn.primedia.co.za/primedia-broadcasting/image/upload/c_fill,h_289,w_463/qzfmdcvo7rl7o3sbvozt
https://imagesvc.timeincapp.com/v3/fan/image?url=https%3A%2F%2Fbayernstrikes.com%2Fwp-content%2Fuploads%2Fgetty-images%2F2018%2F04%2F941522230-sevilla-fc-v-bayern-muenchen-uefa-champions-league-quarter-final-leg-one.jpg.jpg&c=sc&w=850&h=560
https://i.ytimg.com/vi/GLDrTFvazLg/maxresdefault.jpg
https://usatftw.files.wordpress.com/2016/08/585266200_83752232-copy.jpg?w=1000&h=600&crop=1
https://img2.thejournal.ie/inline/3946280/original/?width=630&version=3946280
https://cdn.vox-cdn.com/thumbor/bsdza6qSdC7uoxeMzHD0oHuiXFE=/0x0:3000x2353/1200x800/filters:focal(1260x937:1740x1417)/cdn.vox-cdn.com/uploads/chorus_image/image/57261041/826956144.0.jpg
https://cdn.soccerladuma.co.za/cms2/image_manager/uploads/News/288122/7/1518074651_bd988.jpg
https://img.maximummedia.ie/joe_co_uk/eyJkYXRhIjoie1widXJsXCI6XCJodHRwOlxcXC9cXFwvbWVkaWEtam9lY291ay5tYXhpbXVtbWVkaWEuaWUuczMuYW1hem9uYXdzLmNvbVxcXC93cC1jb250ZW50XFxcL3VwbG9hZHNcXFwvMjAxOVxcXC8wM1xcXC8xMzE4NTMzM1xcXC9HZXR0eUltYWdlcy0xNDMzOTE4NjktMTAyNHg2ODIuanBnXCIsXCJ3aWR0aFwiOjc2NyxcImhlaWdodFwiOjQzMSxcImRlZmF1bHRcIjpcImh0dHBzOlxcXC9cXFwvd3d3LmpvZS5jby51a1xcXC9hc3NldHNcXFwvaW1hZ2VzXFxcL2pvZWNvdWtcXFwvbm8taW1hZ2UucG5nP2lkPTI2NGEyZGJlMzcwZjJjNjc1ZmNkXCIsXCJvcHRpb25zXCI6W119IiwiaGFzaCI6IjBjZGE3ZGY5MDZiMzYwYjUwOWJlZGFkNzA3YjlmYTQ2MDkwNjViMzQifQ==/gettyimages-143391869-1024x682.jpg
https://www.thenational.ae/image/policy:1.643739:1506085502/image/jpeg.jpg?f=16x9&w=1200&$p$f$w=dfa40e8
http://www.bayerncentral.com/wp-content/uploads/2016/01/GettyImages-481217532.jpg
https://ichef.bbci.co.uk/onesport/cps/480/cpsprodpb/9C79/production/_98375004_gettyimages-862863390.jpg
https://cdn.cnn.com/cnnnext/dam/assets/120922031325-bayern-munich-story-top.jpg
https://imagesvc.timeincapp.com/v3/fan/image?url=https%3A%2F%2Fbayernstrikes.com%2Fwp-content%2Fuploads%2Fgetty-images%2F2017%2F11%2F868778212-celtic-fc-v-bayern-muenchen-uefa-champions-league.jpg.jpg&c=sc&w=850&h=560
https://cdn.images.express.co.uk/img/dynamic/67/590x/secondary/Bayern-Munich-1080433.jpg
https://images.performgroup.com/di/library/GOAL/49/f/franck-ribery-robert-lewandowski-niklas-sule-bayen-munich-real-madrid-champions-league_eu2ny1it2qbr1ibx3gmgibdli.jpg?t=-21447918&quality=100&h=300
https://statics.sportskeeda.com/wp-content/uploads/2015/03/bayern2-1426109821.jpg
https://sillyseason.com/wp-content/uploads/2016/04/329999-robben-lewandowski-ribery-c-620x400.jpg
https://www.thenational.ae/image/policy:1.681849:1512543406/sp06-psg.jpg?f=16x9&w=1200&$p$f$w=ec1e0ee
http://as01.epimg.net/en/imagenes/2017/11/04/football/1509797147_253230_1509823965_noticia_normal.jpg
https://images2.minutemediacdn.com/image/upload/c_fill,w_912,h_516,f_auto,q_auto,g_auto/shape/cover/sport/sv-roedinghausen-v-fc-bayern-muenchen-dfb-cup-5bdc83cdaf9f48b891000003.jpg
https://i.guim.co.uk/img/static/sys-images/Sport/Pix/pictures/2013/5/17/1368809936432/Bayern-Munich-players-008.jpg?width=300&quality=85&auto=format&fit=max&s=efc7a09db54f7020c8d45355e86a0d75
https://lh3.googleusercontent.com/Hy0iabUyzokS6M0JrOgTUy2UHOg0FwdL5zWc3U1eSiB4Ia0VM7Zb50ofCmwwN8VedktV_Ekpqt2w5eYgZrXeUukyrKQLxGyFwjo=s750
https://i2-prod.liverpoolecho.co.uk/incoming/article15949256.ece/ALTERNATES/s615/0_GettyImages-1134704829.jpg
https://e2.365dm.com/19/02/768x432/skysports-bayern-munich-javi-martinez_4587668.jpg?20190223185755
https://cdn.primedia.co.za/primedia-broadcasting/image/upload/c_fill,h_289,w_463/fptwjgqxylfslfbnxbqf
https://th.thgim.com/sport/football/article18143873.ece/alternates/FREE_660/BAYERNREFKB
https://ichef.bbci.co.uk/onesport/cps/480/cpsprodpb/55B5/production/_106014912_mane_rex_body.jpg
https://www.irishtimes.com/polopoly_fs/1.3427395.1521062298!/image/image.jpg_gen/derivatives/box_620_330/image.jpg
https://cdn2.sportngin.com/attachments/photo/00f6-119066677/FC_Bayern_ID_West_Instagram_Camp_2019__1_.fw_large.png
https://static.independent.co.uk/s3fs-public/thumbnails/image/2017/10/03/13/robben-ancelotti.jpg?w968h681
https://cdn.newsapi.com.au/image/v1/0c37cfaf35ccffcf7e8ab1f11b6fda62
https://i.guim.co.uk/img/static/sys-images/Football/Pix/pictures/2015/8/31/1441043805303/Bayern-Munichs-players-ce-009.jpg?width=1200&height=630&quality=85&auto=format&fit=crop&overlay-align=bottom%2Cleft&overlay-width=100p&overlay-base64=L2ltZy9zdGF0aWMvb3ZlcmxheXMvdGctZGVmYXVsdC5wbmc&s=75853cd317be1f018932d8cdff2f2872
http://www.egypttoday.com/images/larg/40761.jpg
https://images.beinsports.com/KhBbqd0CGQffRHA3zPreFtfNEqg=/full-fit-in/1000x0/1867303-Real.jpg
http://beta.ems.ladbiblegroup.com/s3/content/808x455/27601e075c3fb472f261ee5f51d43cb6.png
https://scd.france24.com/en/files/imagecache/rfi_16x9_1024_578/article/image/20170429-bayern-m_0.jpg
https://storage.googleapis.com/afs-prod/media/media:a929914b24e1482baeeaae3fb22c48f6/800.jpeg
https://secure.i.telegraph.co.uk/multimedia/archive/02869/United_2869643b.jpg
https://e00-marca.uecdn.es/assets/multimedia/imagenes/2019/01/19/15479036884691.png
https://a.espncdn.com/combiner/i?img=%2Fphoto%2F2019%2F0219%2Fr503975_1296x729_16%2D9.jpg
https://cdn.vox-cdn.com/thumbor/Vi8cNznhdaNx9BMYGGQ7zUqVgYc=/58x144:1374x1963/1200x800/filters:focal(618x256:846x484)/cdn.vox-cdn.com/uploads/chorus_image/image/62696184/1065912408.jpg.0.jpg
https://i2-prod.mirror.co.uk/incoming/article14439312.ece/ALTERNATES/s615/0_DFB-Cup-Quarter-Final-Bayern-Munich-v-Heidenheim.jpg
https://www.thenational.ae/image/policy:1.805955:1545651369/sp25-Franck-Ribery.jpg?f=16x9&w=1200&$p$f$w=801b028
https://ronaldo.com/wp-content/uploads/2018/11/GettyImages-1052747710-696x473.jpg
https://talksport.com/wp-content/uploads/sites/5/2019/02/GettyImages-1130792448.jpg?strip=all&w=960&quality=100
https://y4j7y8s9.ssl.hwcdn.net/wp-content/uploads/2018/04/Screen-Shot-2018-04-20-at-14.05.30-e1524225992265.png
https://assets1.sportsnet.ca/wp-content/uploads/2018/11/DsnIYMwW0AEZ3XG-1-1040x572.jpg
https://static01.nyt.com/images/2012/05/20/sports/YJPSOCCER1/YJPSOCCER1-superJumbo.jpg
https://sportstar.thehindu.com/football/article26528596.ece/alternates/FREE_550/Bayern-Munich
https://imagesvc.timeincapp.com/v3/fan/image?url=https://bayernstrikes.com/wp-content/uploads/getty-images/2017/07/1015759118-850x560.jpeg&c=sc&w=850&h=560
https://www.dw.com/image/44014106_401.jpg
https://s.bundesliga.com/assets/img/1190000/1181365_imgw968.jpg
https://estaticos.sport.es/resources/jpg/4/6/bayern-munich-sigue-cerca-estela-los-jovenes-del-ajax-1544612787364.jpg
https://i.cbc.ca/1.4976637.1547402841!/fileImage/httpImage/image.jpg_gen/derivatives/16x9_780/lba37200a-2019011354403330-jpg.jpg
https://c7.alamy.com/comp/KJ0115/anderlecht-belgium-22nd-nov-2017-fc-bayern-munich-players-posing-for-KJ0115.jpg
https://img.fifa.com/mm/photo/tournament/competition/02/24/92/09/2249209_large-lnd.jpg
https://cdn.cnn.com/cnnnext/dam/assets/130525183823-31-champions-league-final-horizontal-large-gallery.jpg
https://www.euroleague.net/rs/978o97gkg48rvw43/d35bf64f-6e82-4c2e-9287-a0ca2320011b/68e/filename/petteri-koponen-fc-bayern-munich-eb18-978o97gkg48rvw43.jpg
https://cdn.vox-cdn.com/thumbor/q0JkMpMIHW4E943tXrEib6YCnns=/0x0:4041x2609/1200x800/filters:focal(1622x420:2268x1066)/cdn.vox-cdn.com/uploads/chorus_image/image/60292497/GettyImages-991480550.0.0.jpg
https://static.independent.co.uk/s3fs-public/thumbnails/image/2017/04/12/22/bayern-m.jpg
https://cdn.presstv.com/photo/20190406/ff06179e-131c-49c7-a087-162430bc9642.jpg
https://img.fcbayern.com/image/fetch/f_auto,h_768,q_auto:good,w_1366/https://fcbayern.com/binaries/content/gallery/fc-bayern/media/images/us-version/2018-gps-national-camp-south-carolina/c480f448-7c9d-45b6-9f03-a9f8e5c07527.jpg/c480f448-7c9d-45b6-9f03-a9f8e5c07527.jpg/fcbhippo%3Axtralargesixteentonine?v=1550001399281
https://www.soccer.com/wcm/connect/8bc89762-e06e-4add-9bcc-c3eb49561bb0/2/bayern_team_9798.jpg?MOD=AJPERES&CACHEID=ROOTWORKSPACE-8bc89762-e06e-4add-9bcc-c3eb49561bb0/2-maHimTn
https://www.newvision.co.ug/w-images/ea486706-2df3-44dd-b337-c1e39fab681b/2/sext-703x422.jpg
https://ronaldo.com/wp-content/uploads/2018/11/GettyImages-937402654-696x464.jpg
https://i.guim.co.uk/img/media/654dc694147399319a3a81d09a02bdd38bbcb297/0_113_4432_2660/master/4432.jpg?width=300&quality=85&auto=format&fit=max&s=14f8321801137700632d900bbcba6d41
https://www.dw.com/image/47593919_401.jpg
https://sm.imgix.net/19/07/augbay.jpg?w=300&h=225&auto=compress,format&fit=clip
https://media.spokesman.com/photos/2017/04/18/Ronaldo.jpg
https://i.ytimg.com/vi/_OLkOVBWuvA/maxresdefault.jpg
https://www.chinadailyhk.com/attachments/image/246/160/124/415231_124943/415231_124943_800_auto_jpg.jpg
https://www.euroleague.net/rs/98uq9g9x3kftja75/d35bf64f-6e82-4c2e-9287-a0ca2320011b/33f/filename/fc-bayern-munich-celebrates-eb18.jpg
https://i.dailymail.co.uk/i/newpix/2018/08/09/00/4EF0D5F000000578-6041211-image-a-102_1533771446803.jpg
https://akm-img-a-in.tosshub.com/indiatoday/images/story/201902/afcasiancupschedule_1_0.jpeg?R85bbmjz9DSTrQLZam8aXq_Y5SHheY64
https://usatftw.files.wordpress.com/2018/09/gettyimages-1037821554.jpg?w=1000&h=600&crop=1
https://www.thenational.ae/image/policy:1.787071:1541083361/sp02-Bayern.png?f=16x9&w=1200&$p$f$w=6f8d01f
https://statics.sportskeeda.com/editor/2019/02/04a4a-15497504246179-800.jpg
https://as01.epimg.net/en/imagenes/2019/02/19/football/1550602312_403361_1550611942_noticia_normal.jpg
https://i2.wp.com/eurofootballrumours.com/wp-content/uploads/2018/10/Bayern-Munich-Players-Salaries.jpg?resize=800%2C445
https://s01.sgp1.cdn.digitaloceanspaces.com/article/117975-axnnqqenpb-1555818872.jpg
https://img.bleacherreport.net/img/images/photos/003/550/995/3467dc0161957b940ee94d5fac1311a1_crop_exact.jpg?w=512&h=342&q=75
https://i2-prod.irishmirror.ie/incoming/article7969431.ece/ALTERNATES/s615b/Pep-Guardiolas-last-match-in-charge-of-Bayern-Munich-in-the-Bundesliga.jpg
https://img.maximummedia.ie/joe_co_uk/eyJkYXRhIjoie1widXJsXCI6XCJodHRwOlxcXC9cXFwvbWVkaWEtam9lY291ay5tYXhpbXVtbWVkaWEuaWUuczMuYW1hem9uYXdzLmNvbVxcXC93cC1jb250ZW50XFxcL3VwbG9hZHNcXFwvMjAxOVxcXC8wMVxcXC8xNjE1MjcxOVxcXC9HZXR0eUltYWdlcy0xMDM2MDMyNzgyLTEwMjR4NTc2LmpwZ1wiLFwid2lkdGhcIjo3NjcsXCJoZWlnaHRcIjo0MzEsXCJkZWZhdWx0XCI6XCJodHRwczpcXFwvXFxcL3d3dy5qb2UuY28udWtcXFwvYXNzZXRzXFxcL2ltYWdlc1xcXC9qb2Vjb3VrXFxcL25vLWltYWdlLnBuZz9pZD0yNjRhMmRiZTM3MGYyYzY3NWZjZFwiLFwib3B0aW9uc1wiOltdfSIsImhhc2giOiI2MDc1MmI1NGZkOTQyMTczNDIyZmZlYjA4MGQ5OGI1NjU4OTQwOGU2In0=/gettyimages-1036032782-1024x576.jpg
https://a3.espncdn.com/combiner/i?img=%2Fphoto%2F2018%2F0915%2Fr431269_1296x729_16%2D9.jpg
https://d3nfwcxd527z59.cloudfront.net/content/uploads/2019/03/11082500/Franck-Ribery-assist-Bayern-Munich-Wolfsburg.jpg
https://images2.minutemediacdn.com/image/upload/c_fill,w_912,h_516,f_auto,q_auto,g_auto/shape/cover/sport/fbl-eur-c1-bayern-munich-benfica-5c000b82079c3a397e000001.jpg
https://imagesvc.timeincapp.com/v3/fan/image?url=https%3A%2F%2Fbayernstrikes.com%2Fwp-content%2Fuploads%2Fgetty-images%2F2017%2F07%2F953671796.jpeg&c=sc&w=850&h=560
https://s.bundesliga.com/assets/img/1160000/1156564_imgw968.jpg
https://i2-prod.liverpoolecho.co.uk/incoming/article15851670.ece/ALTERNATES/s615/0_GettyImages-1074425616.jpg
https://s.yimg.com/uu/api/res/1.2/iI.4dB607xi33PCdHykfRA--~B/aD00MjA7dz02MzA7c209MTthcHBpZD15dGFjaHlvbg--/http://media.zenfs.com/en/blogs/sptussowexperts/172135803.jpg
https://img.bleacherreport.net/img/slides/photos/004/187/385/f089e663140b6ab3d792f3f2a54f7a30_crop_exact.jpg?h=533&w=800&q=70&crop_x=center&crop_y=top
https://imagesvc.timeincapp.com/v3/fan/image?url=https%3A%2F%2Ffansided.com%2Fwp-content%2Fuploads%2Fgetty-images%2F2016%2F11%2F583555812-audi-summer-tour-usa-2016-day-2.jpg&c=sc&w=400&h=600
https://ichef.bbci.co.uk/onesport/cps/480/cpsprodpb/1861E/production/_95007899_arsenal_pa.jpg
https://c8.alamy.com/comp/RTWHM5/moenchengladbach-germany-2nd-mar-2019-players-of-bayern-munich-celebrate-after-scoring-during-the-bundesliga-match-between-borussia-moenchengladbach-and-fc-bayern-munich-in-moenchengladbach-germany-march-2-2019-munich-won-5-1-credit-ulrich-hufnagelxinhuaalamy-live-news-RTWHM5.jpg
https://www.eurobasket.com/TeamPhoto/2018-2019munch.jpg
https://c0.thejournal.ie/media/2019/01/imago-20181020-2-390x285.jpg
https://storage.googleapis.com/afs-prod/media/media:9ac496ce2e614c329fee22f4ce33c5e7/800.jpeg
https://www.washingtonpost.com/resizer/Xevnuw_cLRNFAIN8Kg6hFZpJbZs=/1484x0/arc-anglerfish-washpost-prod-washpost.s3.amazonaws.com/public/FKU7T6C2AMI6TGGUQRAIRUJV6I.jpg
https://www.thetimes.co.uk/imageserver/image/methode%2Fsundaytimes%2Fprod%2Fweb%2Fbin%2Fa2d47914-3ab8-11e8-a03f-05e11e5a873a.jpg?crop=2250%2C1266%2C0%2C117&resize=685
https://img.fcbayern.com/image/fetch/f_auto,h_960,q_auto:good,w_1920/https://fcbayern.com/binaries/content/gallery/fcbayern.tv/saison-18-19/videos/190206_nowitzki_feldhahn_mav.jpg/190206_nowitzki_feldhahn_mav.jpg/fcbhippo%253Alargetwotoone%3Fv%3D1554900394009
https://images.performgroup.com/di/library/GOAL/4d/a9/renato-sanches-bayern-munich-2019_5bjtv4qsspz5zfv29o5jkw1e.jpg?t=1140196506&quality=100
https://ronaldo.com/wp-content/uploads/2019/03/GettyImages-1128379059-696x464.jpg
https://assets.nst.com.my/images/articles/photo6201948654374332422.jpg_1531046167.jpg
https://cdn.vox-cdn.com/thumbor/PJxJniXXYmlYeYUQnXebxzuCm1o=/0x0:1425x772/1200x800/filters:focal(613x123:841x351)/cdn.vox-cdn.com/uploads/chorus_image/image/62643676/GettyImages-Davies_high_five.0.0.jpg
https://talksport.com/wp-content/uploads/sites/5/2017/02/gettyimages-634218232.jpg?strip=all&w=700
http://www.epa.eu/thumb.php/55137861.jpg?eJwljLEOwjAMRP_l5gx205DUayckChJBAibUpi4bA9AJ8e9YYXq6d7r7oIcADv0FwoZrxWAyBPYxbdjK3RbSGPam9XG_ra_RbK4y20FrGOownyDv56oO5399hCQih4NFdFp8E6fAXZmUadG5XWKalZKO7Avh-wNCBSLN
https://www.dw.com/image/46536951_303.jpg
https://aboutislam.net/wp-content/uploads/2015/12/Bayern_Munich_Build_Mosque_for_Muslims.jpg
https://www.foxsportsasia.com/uploads/2018/12/bayern-players-celebrating.jpg
https://as01.epimg.net/en/imagenes/2019/03/13/football/1552502592_859549_1552514272_noticia_normal.jpg
https://statics.sportskeeda.com/editor/2018/10/949ad-15407379104674-800.jpg
https://si.wsj.net/public/resources/images/OB-RI262_ibayer_H_20120111011007.jpg
https://www.irishtimes.com/polopoly_fs/1.1458161.1373396994!/image/image.jpg_gen/derivatives/box_620_330/image.jpg
http://1tvs492zptzq380hni2k8x8p-wpengine.netdna-ssl.com/wp-content/uploads/2015/04/bayern-munich-german-champions-2014.jpg
https://media.spokesman.com/photos/2018/03/14/Munich.jpg
https://thumbs.dreamstime.com/z/russia-moscow-arena-megasport-january-players-cska-bayern-munich-euroleague-basketball-match-vs-137096840.jpg
http://www.xinhuanet.com/english/2019-04/21/137994522_15558074878331n.jpg
https://sportstar.thehindu.com/third-party/opta/article26421362.ece/alternates/FREE_550/thomas-muller-croppedag3piiz7poco1ulzrb1b8651ejpg
https://cdn.soccerladuma.co.za/cms2/image_manager/uploads/News/292521/7/default.jpg
https://www.euroleague.net/rs/978o97gkg48rvw43/a180d37b-8f1c-4d7f-869b-955efab3716f/bcd/filename/petteri-koponen-fc-bayern-munich-eb18-978o97gkg48rvw43.jpg
http://english.ahram.org.eg/Media/News/2017/10/14/2017-636435995249458678-945.jpg
https://imagesvc.timeincapp.com/v3/fan/image?url=https://fansided.com/wp-content/uploads/getty-images/2017/07/943403268-850x560.jpeg&c=sc&w=850&h=560
https://i.ytimg.com/vi/KNSYFi6-o4o/maxresdefault.jpg
https://imagesvc.timeincapp.com/v3/fan/image?url=https://bayernstrikes.com/wp-content/uploads/getty-images/2017/07/959412116-850x560.jpeg&c=sc&w=850&h=560
https://i2-prod.irishmirror.ie/incoming/article7485838.ece/ALTERNATES/s615b/Bayern-Munich.jpg
https://cdn.images.dailystar.co.uk/dynamic/58/photos/794000/Joshua-Kimmich-1568794.jpg?r=5c6c767b99d1b
https://image.shutterstock.com/z/stock-photo-madrid-spain-bayern-munich-players-before-the-champions-league-final-played-in-the-147992309.jpg
https://cf-images.eu-west-1.prod.boltdns.net/v1/static/4221396001/fc275a87-b451-4fb5-8a77-895ff1c5bf58/18d30571-c2d3-4c58-9790-a44964c38240/1280x720/match/image.jpg
https://imagesvc.timeincapp.com/v3/fan/image?url=https://playingfor90.com/wp-content/uploads/getty-images/2016/10/596440294-supercup-2016-bv-borussia-dortmund-fc-bayern-muenchen-850x560.jpg&c=sc&w=590&h=389
https://media.gettyimages.com/photos/bayern-munich-players-line-up-prior-to-the-uefa-champions-league-of-picture-id1130796391
https://i.pinimg.com/736x/a6/51/c9/a651c9440e95f7157179aa737b7c25db.jpg
https://cdn-01.independent.ie/incoming/article36798802.ece/d8f81/AUTOCROP/w620/Bayern.jpg
https://cdn.images.express.co.uk/img/dynamic/67/590x/469870435-460209.jpg
http://www.egypttoday.com/images/larg/57582.jpg
https://ichef.bbci.co.uk/onesport/cps/480/mcs/media/images/59869000/jpg/_59869708_59869704.jpg
https://i.dailymail.co.uk/i/pix/2013/05/02/article-2318209-197534FA000005DC-672_634x522.jpg
https://i.eurosport.com/2019/04/06/2559812-53094950-2560-1440.jpg?w=1050
https://images.performgroup.com/di/library/GOAL/99/98/bayern-munich-2018-19_1tqyto3qtcwhi15tpzddllk64d.jpg?t=-1949448482&quality=100&h=300
https://talksport.com/wp-content/uploads/sites/5/2014/03/GettyImages-1130772182.jpg?strip=all&w=960&quality=100
https://img.bleacherreport.net/img/images/photos/003/732/836/hi-res-1f125be13e3abe2bd4c1663e31c60247_crop_north.jpg?h=533&w=800&q=70&crop_x=center&crop_y=top
https://s.bundesliga.com/assets/img/1180000/1176936_imgw968.jpg
https://sport360.com/wp-content/uploads/2017/07/Alvaro-Morata-Bayern-Munich.jpg
https://lh3.googleusercontent.com/Yq2epFzb_WYX6Ovmoqe36VlMYbxL6bTqr_5Sp8cNk-BNiCq8F617LhEkczpUb7pG9HENbeHec9jeBPtZTi9cOVT6bePzU1oScA=s750
https://lwosonfootball.ms.lastwordonsports.com/wp-content/uploads/sites/4/2018/09/Arjen-Robben.jpg
https://compote.slate.com/images/e77619c2-b690-4c55-9b01-fee312c91edc.jpeg?width=780&height=520&rect=1560x1040&offset=0x0
https://e2.365dm.com/14/08/800x600/arjen-robben-fc-bayern-munich-munchen_3183463.jpg?20140806155336
https://fivethirtyeight.com/wp-content/uploads/2018/10/REAL1.jpg?w=575
https://fcbayern.com/binaries/content/gallery/fc-bayern/homepage/club/youth-program/mission-foto.jpg/mission-foto.jpg/fcbhippo%3Axtralargesixteentonine
https://www.dw.com/image/47658957_7.jpg
https://portland-mp7static.mlsdigital.net/styles/image_landscape/s3/mp6/image_nodes/2014/07/REU_2009019.jpg?4J2kyX42vEyCUAOcI.NoxwcRjqNJFGIr&itok=Gmx4peA8
https://cdn.presstv.com/photo/20190425/7045d7dc-d3c9-4ed3-beff-b5c081673d07.jpg
https://images.cdn.fourfourtwo.com/sites/fourfourtwo.com/files/styles/image_landscape/public/niklas_sule_bayern_munich.jpg?itok=L50CV6Ew
https://www.irishtimes.com/polopoly_fs/1.2991215.1488213851!/image/image.jpg_gen/derivatives/box_620_330/image.jpg
https://images.beinsports.com/P-RXggKStgbMHQGUqANTD1NwENo=/full-fit-in/1000x0/jeromeboateng-cropped_1eew7l7kv7gjv13sk49zthfquf.jpg
https://heavyeditorial.files.wordpress.com/2015/07/gettyimages-481491258.jpg?quality=65&strip=all&w=780&strip=all
https://www.euroleague.net/rs/9e3h6mn8p5wlk9lk/d35bf64f-6e82-4c2e-9287-a0ca2320011b/910/filename/petteri-koponen-fc-bayern-munich-eb18-9e3h6mn8p5wlk9lk.jpg
https://i2-prod.liverpoolecho.co.uk/incoming/article15820185.ece/ALTERNATES/s615/0_GettyImages-1128548789.jpg
https://www.thesportsman.com/media/images/admin/football/munich.jpg
https://c8.alamy.com/comp/X9KDBM/soccer-players-of-bayern-munich-cheering-after-winning-the-dfb-cup-selfie-of-douglas-costa-robert-lewandowski-X9KDBM.jpg
https://timekeepingscore.files.wordpress.com/2013/05/2013-05-25t212159z_1809266407_lr2e95p1.jpg?w=720&h=480&crop=1
https://upload.wikimedia.org/wikipedia/commons/thumb/1/1b/FC_Bayern_M%C3%BCnchen_logo_%282017%29.svg/220px-FC_Bayern_M%C3%BCnchen_logo_%282017%29.svg.png
http://worldsoccertalk.com/wp-content/uploads/2015/05/bayern-munich-beer-soaking.jpg
https://image.iol.co.za/image/1/process/620x349?source=http://ana-baobab-prod-eu-west-2.s3.amazonaws.com/public/ana/media/media/2017/04/29/1493491422413.jpg&operation=CROP&offset=0x133&resize=4336x2428
https://d3j2s6hdd6a7rg.cloudfront.net/v2/uploads/media/default/0001/79/7e46aaf39d06b50ec3ebcd5eb18a0254ec39f655.jpeg
https://st2.depositphotos.com/1000602/6720/i/950/depositphotos_67201667-stock-photo-fc-bayern-munich-players.jpg
https://the18.com/sites/default/files/styles/featured_mobile__621x709_/public/feature-images/20180205-The18-Image-James-Rodriguez-Bayern-Munich-Stats.jpg?itok=XKCW0uSp
https://assets.nst.com.my/images/articles/BAYERN_MUNICH-501_1546691753.jpg
https://media.contentapi.ea.com/content/dam/ea/easports/fifa/features/2016/august/bayern-munich/kimmich-lg.jpg
https://lwosonfootball.ms.lastwordonsports.com/wp-content/uploads/sites/4/2019/02/Luka-Jovic.jpg
https://i.guim.co.uk/img/media/5b4fdfe9175375ad1ab95fa4345627145e23c16b/0_95_5568_3341/master/5568.jpg?width=1200&height=630&quality=85&auto=format&fit=crop&overlay-align=bottom%2Cleft&overlay-width=100p&overlay-base64=L2ltZy9zdGF0aWMvb3ZlcmxheXMvdGctZGVmYXVsdC5wbmc&s=2861555fd273e22e1e089effd09be3ec
https://imagesvc.timeincapp.com/v3/fan/image?url=https://bvbbuzz.com/wp-content/uploads/getty-images/2017/07/1056854240.jpeg&c=sc&w=600&h=400
https://static01.nyt.com/images/2017/03/18/sports/18CHAMPIONS/18CHAMPIONS-articleLarge.jpg?quality=75&auto=webp&disable=upscale
https://static.standard.co.uk/s3fs-public/thumbnails/image/2019/03/13/21/bayern-liverpool-130319zq.jpg?width=1000&height=614&fit=bounds&format=pjpg&auto=webp&quality=70&crop=16:9,offset-y0.5
https://e00-marca.uecdn.es/assets/multimedia/imagenes/2018/10/19/15399470453253.png
https://cdn2.bigcommerce.com/server1800/a047b/product_images/uploaded_images/bayern-munich-header-2018-19.jpg
https://cdn.vox-cdn.com/thumbor/b21CzAje0uhvbyVe1lid-NIp3ng=/0x0:1872x1328/1200x800/filters:focal(787x515:1085x813)/cdn.vox-cdn.com/uploads/chorus_image/image/63146600/2001.0.0.jpg
https://cdn.soccerladuma.co.za/cms2/image_manager/uploads/News/653331/7/default.jpg